<?xml version="1.0" encoding="UTF-8"?>
<beans xmlns="http://www.springframework.org/schema/beans"
       xmlns:xsi="http://www.w3.org/2001/XMLSchema-instance"
       xmlns:context="http://www.springframework.org/schema/context"
       xsi:schemaLocation="
       	http://www.springframework.org/schema/beans
		http://www.springframework.org/schema/beans/spring-beans.xsd
       	http://www.springframework.org/schema/context
		http://www.springframework.org/schema/context/spring-context.xsd">

    <!-- 引入properties文件-->
    <context:property-placeholder location="classpath:jdbc.properties"></context:property-placeholder>

    <!--数据源-->
    <bean id="dataSource" class="com.alibaba.druid.pool.DruidDataSource">
        <property name="driverClassName" value="${jdbc.driver}"/>
        <property name="url" value="${jdbc.url}"/>
        <property name="username" value="${jdbc.username}"/>
        <property name="password" value="${jdbc.password}"/>
    </bean>

    <!--1. 将sqlSessionFactory对象的创建交给spring-->
    <bean id="sqlSessionFactory" class="com.baomidou.mybatisplus.extension.spring.MybatisSqlSessionFactoryBean">
        <property name="dataSource" ref="dataSource"></property>
        <property name="configLocation" value="classpath:sqlMapConfig.xml"/>
    </bean>


    <!--2. mapper映射扫描-->
    <bean class="org.mybatis.spring.mapper.MapperScannerConfigurer">
        <property name="basePackage" value="com.lagou.mapper"/>
     </bean>


</beans>